{
    "swagger": "2.0",
    "info": {
        "description": "Esta é uma API exemplo em Go com Swagger, Gin e GORM.",
        "title": "API de Itens",
        "contact": {},
        "version": "1.0"
    },
    "host": "localhost:8080",
    "basePath": "/",
    "paths": {
        "/items": {
            "get": {
                "description": "Retorna todos os itens cadastrados",
                "produces": [
                    "application/json"
                ],
                "tags": [
                    "items"
                ],
                "summary": "Lista todos os itens",
                "responses": {
                    "200": {
                        "description": "OK",
                        "schema": {
                            "type": "array",
                            "items": {
                                "$ref": "#/definitions/models.Item"
                            }
                        }
                    }
                }
            },
            "post": {
                "description": "Adiciona um novo item ao banco de dados",
                "consumes": [
                    "application/json"
                ],
                "produces": [
                    "application/json"
                ],
                "tags": [
                    "items"
                ],
                "summary": "Cria um novo item",
                "parameters": [
                    {
                        "description": "Item a ser criado",
                        "name": "item",
                        "in": "body",
                        "required": true,
                        "schema": {
                            "$ref": "#/definitions/models.Item"
                        }
                    }
                ],
                "responses": {
                    "201": {
                        "description": "Created",
                        "schema": {
                            "$ref": "#/definitions/models.Item"
                        }
                    },
                    "400": {
                        "description": "Bad Request",
                        "schema": {
                            "type": "object",
                            "additionalProperties": {
                                "type": "string"
                            }
                        }
                    }
                }
            }
        },
        "/items/{id}": {
            "get": {
                "description": "Retorna um item específico com base no ID fornecido",
                "produces": [
                    "application/json"
                ],
                "tags": [
                    "items"
                ],
                "summary": "Busca item por ID",
                "parameters": [
                    {
                        "type": "integer",
                        "description": "ID do Item",
                        "name": "id",
                        "in": "path",
                        "required": true
                    }
                ],
                "responses": {
                    "200": {
                        "description": "OK",
                        "schema": {
                            "$ref": "#/definitions/models.Item"
                        }
                    },
                    "404": {
                        "description": "Not Found",
                        "schema": {
                            "type": "object",
                            "additionalProperties": {
                                "type": "string"
                            }
                        }
                    }
                }
            },
            "put": {
                "description": "Atualiza os dados de um item existente com base no ID",
                "consumes": [
                    "application/json"
                ],
                "produces": [
                    "application/json"
                ],
                "tags": [
                    "items"
                ],
                "summary": "Atualiza um item existente",
                "parameters": [
                    {
                        "type": "integer",
                        "description": "ID do Item",
                        "name": "id",
                        "in": "path",
                        "required": true
                    },
                    {
                        "description": "Dados atualizados",
                        "name": "item",
                        "in": "body",
                        "required": true,
                        "schema": {
                            "$ref": "#/definitions/models.Item"
                        }
                    }
                ],
                "responses": {
                    "200": {
                        "description": "OK",
                        "schema": {
                            "$ref": "#/definitions/models.Item"
                        }
                    },
                    "400": {
                        "description": "Bad Request",
                        "schema": {
                            "type": "object",
                            "additionalProperties": {
                                "type": "string"
                            }
                        }
                    },
                    "404": {
                        "description": "Not Found",
                        "schema": {
                            "type": "object",
                            "additionalProperties": {
                                "type": "string"
                            }
                        }
                    }
                }
            },
            "delete": {
                "description": "Exclui um item com base no ID fornecido",
                "produces": [
                    "application/json"
                ],
                "tags": [
                    "items"
                ],
                "summary": "Remove um item",
                "parameters": [
                    {
                        "type": "integer",
                        "description": "ID do Item",
                        "name": "id",
                        "in": "path",
                        "required": true
                    }
                ],
                "responses": {
                    "200": {
                        "description": "OK",
                        "schema": {
                            "type": "object",
                            "additionalProperties": {
                                "type": "string"
                            }
                        }
                    },
                    "404": {
                        "description": "Not Found",
                        "schema": {
                            "type": "object",
                            "additionalProperties": {
                                "type": "string"
                            }
                        }
                    }
                }
            }
        }
    },
    "definitions": {
        "models.Item": {
            "type": "object",
            "properties": {
                "created_at": {
                    "type": "string"
                },
                "id": {
                    "type": "integer"
                },
                "name": {
                    "type": "string"
                },
                "updated_at": {
                    "type": "string"
                }
            }
        }
    }
}