{
  "info": {
    "name": "Users API (FastAPI) - Full",
    "_postman_id": "e8b9c8b4-7a3b-4f8f-81b1-1760395876",
    "description": "Coleção com endpoints públicos e protegidos da Users API.\nUse {{baseUrl}} e {{token}}.",
    "schema": "https://schema.getpostman.com/json/collection/v2.1.0/collection.json"
  },
  "variable": [
    {
      "key": "baseUrl",
      "value": "http://localhost:8000"
    },
    {
      "key": "token",
      "value": ""
    },
    {
      "key": "user_id",
      "value": "1"
    }
  ],
  "item": [
    {
      "name": "Healthcheck",
      "request": {
        "method": "GET",
        "header": [],
        "url": {
          "raw": "{{baseUrl}}/",
          "host": [
            "{{baseUrl}}"
          ],
          "path": [
            ""
          ]
        }
      }
    },
    {
      "name": "Auth",
      "item": [
        {
          "name": "Registrar usuário (public)",
          "request": {
            "method": "POST",
            "header": [
              {
                "key": "Content-Type",
                "value": "application/json"
              }
            ],
            "body": {
              "mode": "raw",
              "raw": "{\n  \"name\": \"Ada Lovelace\",\n  \"email\": \"ada@upf.br\",\n  \"birthday\": \"2000-10-12\",\n  \"password\": \"S3nhaSegura!\"\n}"
            },
            "url": {
              "raw": "{{baseUrl}}/users",
              "host": [
                "{{baseUrl}}"
              ],
              "path": [
                "users"
              ]
            }
          }
        },
        {
          "name": "Login (get Bearer token)",
          "event": [
            {
              "listen": "test",
              "script": {
                "type": "text/javascript",
                "exec": [
                  "pm.test('status 200', function () { pm.response.to.have.status(200); });",
                  "try {",
                  "  var data = pm.response.json();",
                  "  if (data.token) {",
                  "    pm.collectionVariables.set('token', data.token);",
                  "    console.log('Token salvo em {{token}}');",
                  "  }",
                  "} catch(e) { console.error(e); }"
                ]
              }
            }
          ],
          "request": {
            "method": "POST",
            "header": [
              {
                "key": "Content-Type",
                "value": "application/json"
              }
            ],
            "body": {
              "mode": "raw",
              "raw": "{\n  \"email\": \"ada@upf.br\",\n  \"password\": \"S3nhaSegura!\"\n}"
            },
            "url": {
              "raw": "{{baseUrl}}/auth/login",
              "host": [
                "{{baseUrl}}"
              ],
              "path": [
                "auth",
                "login"
              ]
            }
          }
        }
      ]
    },
    {
      "name": "Users (protected)",
      "item": [
        {
          "name": "Listar usuários",
          "request": {
            "method": "GET",
            "header": [
              {
                "key": "Authorization",
                "value": "Bearer {{token}}"
              }
            ],
            "url": {
              "raw": "{{baseUrl}}/users",
              "host": [
                "{{baseUrl}}"
              ],
              "path": [
                "users"
              ]
            }
          }
        },
        {
          "name": "Buscar usuário por ID",
          "request": {
            "method": "GET",
            "header": [
              {
                "key": "Authorization",
                "value": "Bearer {{token}}"
              }
            ],
            "url": {
              "raw": "{{baseUrl}}/users/{{user_id}}",
              "host": [
                "{{baseUrl}}"
              ],
              "path": [
                "users",
                "{{user_id}}"
              ]
            }
          }
        },
        {
          "name": "Atualizar usuário",
          "request": {
            "method": "PATCH",
            "header": [
              {
                "key": "Authorization",
                "value": "Bearer {{token}}"
              },
              {
                "key": "Content-Type",
                "value": "application/json"
              }
            ],
            "body": {
              "mode": "raw",
              "raw": "{\n  \"name\": \"Ada Byron\"\n}"
            },
            "url": {
              "raw": "{{baseUrl}}/users/{{user_id}}",
              "host": [
                "{{baseUrl}}"
              ],
              "path": [
                "users",
                "{{user_id}}"
              ]
            }
          }
        },
        {
          "name": "Excluir usuário",
          "request": {
            "method": "DELETE",
            "header": [
              {
                "key": "Authorization",
                "value": "Bearer {{token}}"
              }
            ],
            "url": {
              "raw": "{{baseUrl}}/users/{{user_id}}",
              "host": [
                "{{baseUrl}}"
              ],
              "path": [
                "users",
                "{{user_id}}"
              ]
            }
          }
        }
      ]
    }
  ]
}